,meet_date,horse_name
2832,2018-09-16,SUSSEX PRIDE
2833,2018-09-16,JAGER BOMB
2834,2018-09-16,GOLD BOND
4904,2019-02-10,AWESOME ONE
4905,2019-02-10,SASSY LASS
4906,2019-02-10,DOMINATION
4907,2019-02-10,TIMELESS DEEDS
4908,2019-02-10,AURODEN
4909,2019-02-10,MISS MONEYPENNY
5775,2019-04-07,TEXAS GOLD
5776,2019-04-07,BUNTING
5777,2019-04-07,FLYING VISIT
5947,2019-07-25,BFBS - CECELIA
6686,2019-09-07,BARACK
6687,2019-09-07,JACK FLASH
6689,2019-09-07,NIGHTFALL
6991,2019-09-28,TANJO
6992,2019-09-28,TILL END OF TIM
6993,2019-09-28,STAR COUNCILLOR
6994,2019-09-28,THOMAS HARDY
6995,2019-09-28,SASSY LASS
6996,2019-09-28,MIRABILIS
8981,2020-03-05,GLORIOSUS
8982,2020-03-05,RAINBOW TROUT
8983,2020-03-05,KARIEGA
9845,2021-01-08,RAEES
9846,2021-01-08,TROUVAILLE
9847,2021-01-08,ROBERTA
9848,2021-01-08,TRULY EPIC
9849,2021-01-08,WIZARD OF STOCK
9850,2021-01-08,IN IT TO WIN IT
9851,2021-01-08,BELENUS
9852,2021-01-08,COLLEGIUM
9853,2021-01-08,NORTHERN SINGER
9854,2021-01-08,GODSWORD
9855,2021-01-08,DANCING LANCES
9856,2021-01-08,PHOENIX SPIRIT
9857,2021-01-08,RON
9858,2021-01-08,MS BOSS
9859,2021-01-08,SALTBAE
9860,2021-01-08,FINE TUNE
9861,2021-01-08,ALPINE EXPRESS
9862,2021-01-08,PLEIADES
9863,2021-01-08,ALAUDDIN KHILJI
9864,2021-01-08,MY PRECIOUS
9865,2021-01-08,DREAMS
9866,2021-01-08,TANHAIYAAN
9867,2021-01-08,DUMAS
9868,2021-01-08,MOUNT OLYMPUS
9869,2021-01-08,MARVIN
9870,2021-01-08,EXOTIQUE
9871,2021-01-08,ITS A DEAL
9872,2021-01-08,ACCENTURE
9873,2021-01-08,GUARNERIUS
9874,2021-01-08,BLAZING BAY
9875,2021-01-08,DESERT FIRE
9876,2021-01-08,SOPHISTOCRAT
9877,2021-01-08,STAR SINCERITY
9878,2021-01-08,FASSBINDER
9879,2021-01-08,TOMORROWS DREAMS
9880,2021-01-08,GILT EDGE
9881,2021-01-08,KAMARIA
9882,2021-01-08,RAYS OF SUN
9883,2021-01-08,SMOKIN' HOT
13413,2022-07-29,MAD LOVE
13414,2022-07-29,CAMDEN TOWN
13415,2022-07-29,SPECIAL SITUATI
13416,2022-07-29,AMPED
13417,2022-07-29,ESFIR
13418,2022-07-29,ALPHA GENE
13419,2022-07-29,SO SO SPECIAL
13420,2022-07-29,BRAZOS
13421,2022-07-29,CAMILLE
13422,2022-07-29,CHARMING STAR
13423,2022-07-29,DAGGER'S STRIKE
13424,2022-07-29,BOLD ADVANCE
13425,2022-07-29,SONG SONG BLUE
14735,2022-11-27,DUNK
15590,2023-02-05,MOMENT OF MADNESS
15591,2023-02-05,DEMETRIUS
15592,2023-02-05,C'EST L'AMOUR
15593,2023-02-05,ANOUSHKA
15594,2023-02-05,SPIRIT BAY
15595,2023-02-05,SUSSING
15596,2023-02-05,INTENSE BELIEF
15597,2023-02-05,MOUNT SINAI
15598,2023-02-05,TEISPES
15599,2023-02-05,RHYTHM OF NATURE
15600,2023-02-05,NORD
15601,2023-02-05,AME
15602,2023-02-05,COGNOSCO
15603,2023-02-05,TARZAN
17683,2023-11-23,JOAQUIN
17684,2023-11-23,THE PROTECTOR
17685,2023-11-23,SKY FALL
17686,2023-11-23,SON OF A GUN
18418,2024-01-21,MIGHTY WINGS
18419,2024-01-21,BOMBAY
18420,2024-01-21,SPIRITUAL ROCK
18421,2024-01-21,PRECIOSO
18422,2024-01-21,LUMINOSITY
18423,2024-01-21,TOOFAAN
20510,2024-10-19,MAJESTIC WARRIOR
20512,2024-10-19,DUFY
20513,2024-10-19,SUPERIMPOSE
20514,2024-10-19,MY PRINCESS
20515,2024-10-19,CHAMPAGNE SMILE
20516,2024-10-19,ATTAINED
20517,2024-10-19,WALTER
20518,2024-10-19,SUSSING
20519,2024-10-19,HOUSE OF LORDS
20520,2024-10-19,REMY RED
20521,2024-10-19,MIGHTY WINGS
22398,2025-07-18,TIMELESS VISION
22399,2025-07-18,GHIRARDELLI
22400,2025-07-18,FINCH
22401,2025-07-18,ESPERANZA
22402,2025-07-18,ARIES
22403,2025-07-18,SCARAMOUCHE
22404,2025-07-18,MIDNIGHT EXPRESS
22405,2025-07-18,FOURTH WING
22406,2025-07-18,BLACK THUNDER
22407,2025-07-18,OPUS DEI
22408,2025-07-18,FAST APPROACH
22850,2025-08-31,GRECO
23065,2025-09-14,QUICKER
23066,2025-09-14,WESTERN STAR
23067,2025-09-14,SOCIAL BUTTERFLY
23068,2025-09-14,DIVINE INTUITION
23069,2025-09-14,ARIES
23070,2025-09-14,CINDERELLA'S DREAM
23071,2025-09-14,APEROL
23072,2025-09-14,GODDES OF DAWN
23073,2025-09-14,BEE MAGICAL
23074,2025-09-14,ZENDAYA
23075,2025-09-14,KINGS GAMBIT
23076,2025-09-14,LA DOLCE VITA
23077,2025-09-14,AZALEA
23078,2025-09-14,MARCUS
23079,2025-09-14,JAGGER
23080,2025-09-14,GIANT GOLD
23081,2025-09-14,STORM
23082,2025-09-14,SASEKA
23083,2025-09-14,BEYOND STARS
23084,2025-09-14,APPLAUSE
23794,2025-12-14,GYPSY
24020,2026-01-04,FAIR
24887,2026-03-08,RFOWH&HB -ADONIS
24898,2026-03-15,THUNDERING PHOENIX
24899,2026-03-15,OPUS DEI
24900,2026-03-15,BREAK POINT
24901,2026-03-15,SON OF A GUN
24902,2026-03-15,NAMIRI
24903,2026-03-15,ZACHARIAS
24904,2026-03-15,FORTUNATE SON
24905,2026-03-15,JACKSON
24906,2026-03-15,SANTANA ROW
24907,2026-03-15,WE STILL BELIEVE
24908,2026-03-15,SAMSON
24909,2026-03-15,RENAISSANCE
24910,2026-03-15,AR FIRST STAR
24911,2026-03-15,PHANTASMIQUE
24912,2026-03-15,ASHWA ANKARA
24913,2026-03-15,ALEXIOS
24914,2026-03-15,ALPHA STRIKE
24915,2026-03-15,PUCCINI
24916,2026-03-15,D'ARTAGNAN
24917,2026-03-15,ENRICH
24918,2026-03-15,LION HEART
24919,2026-03-15,ANGELISA
24920,2026-03-15,PINNACLE
24921,2026-03-15,MENORCA
24922,2026-03-15,VORTEX
24923,2026-03-15,PSYCHIC STAR
24924,2026-03-15,ZUCCARO
24925,2026-03-15,THE MILENIUM FORCE
24926,2026-03-15,AFRICAN GOLD
24927,2026-03-15,JADE
24928,2026-03-15,PRIDE'S PRINCE
24929,2026-03-15,CHAGALL
24930,2026-03-15,SOVEREIGN KING
24931,2026-03-15,GOLDEN THUNDER
24932,2026-03-15,THALASSA
24933,2026-03-15,KING KE
24934,2026-03-15,DREAM ALLIANCE
24935,2026-03-15,AZALEA
24936,2026-03-15,EVALDO
24937,2026-03-15,RED BISHOP
24938,2026-03-15,KINGS GAMBIT
24939,2026-03-15,ASHWA GYPSY
24940,2026-03-15,STARSEED
24941,2026-03-15,LA DOLCE VITA
24942,2026-03-15,ALGONQUIN
24943,2026-03-15,CHARISSE
24944,2026-03-15,NEUTRON
24945,2026-03-15,NEUTRALIST
24946,2026-03-15,ESTEBAN
24947,2026-03-15,SUSSING
24948,2026-03-15,INVICTOR
24949,2026-03-15,SEQUENTIAL
24950,2026-03-15,MYSTICA
24951,2026-03-15,GUNFIRE
24952,2026-03-15,QUEEN OF BEAUTIES
24953,2026-03-15,ROGUE
24954,2026-03-15,RAMBO
24955,2026-03-15,BAILLEE
24956,2026-03-15,YOUR SRI SHAKTHI
24957,2026-03-15,SCORCHER
24958,2026-03-15,GOLDEN HUES
24959,2026-03-15,MISS AMERICAN PIE
24960,2026-03-15,WESTERN STAR
24961,2026-03-15,SOCIAL BUTTERFLY
24962,2026-03-15,DREAM SELLER
24963,2026-03-15,CHRISTOPHANY
24964,2026-03-15,SHAMBALA
24965,2026-03-15,CREDENCE
24966,2026-03-15,CHALLENGE ACCEPTED
24967,2026-03-15,SHIRSA
24968,2026-03-15,MOONLIGHT KISS
24969,2026-03-15,EL MORAN
24970,2026-03-15,SKANDHA
24971,2026-03-15,NEPTUNE
24972,2026-03-15,ARIYANA STAR
24973,2026-03-15,GODDES OF DAWN
24974,2026-03-15,AMERICAN EAGLE
24975,2026-03-15,MANOR HOUSE
24976,2026-03-15,CHARLIE BROWN
24977,2026-03-21,ALLEZ L'ETOILE
24978,2026-03-21,SEMURG
24979,2026-03-21,HER CHARGE
24980,2026-03-21,MARIUS
24981,2026-03-21,BRIGHT BUTTON
24982,2026-03-21,RENOIR
24983,2026-03-21,MANWAR
24984,2026-03-21,SAVAGE PEACOCK
24985,2026-03-21,BEAST MODE
24986,2026-03-21,REMARKABLE
24987,2026-03-21,RED ROSE
24988,2026-03-21,MUQADDAR
24989,2026-03-21,JUMANAH
24990,2026-03-21,YOUREMYEYESBABY
24991,2026-03-21,PHANTOM STRIKE
24992,2026-03-21,LEGADEMA
24993,2026-03-21,AEGEAN SEA
24994,2026-03-21,WYOMING
24995,2026-03-21,NINE SPEED
24996,2026-03-21,ASTERION
24997,2026-03-21,CHAKAR VIEW
24998,2026-03-21,PALOMA
24999,2026-03-21,ORGANISED CHAOS
25000,2026-03-21,FUNNY BUNNY
25001,2026-03-21,SHIVALIK SUPERSTAR
25002,2026-03-21,LUMINEER
25003,2026-03-21,JAGGER
25004,2026-03-21,CONTINENTAL DRIFT
25005,2026-03-21,DHAHABI
25006,2026-03-21,KEY WEST
25007,2026-03-21,AEON FLUX
25008,2026-03-21,EXHALT
25009,2026-03-21,MEADOW SPRINGS
25010,2026-03-21,HOLA AMIGO
25011,2026-03-21,VEGATHA
25012,2026-03-21,MATISSE
25013,2026-03-21,TREAT
25014,2026-03-21,ALPINE STAR
25015,2026-03-21,ASHWA BRAZIL
25016,2026-03-21,VINCERO
25017,2026-03-21,SPANISH EYES
25018,2026-03-21,JOONDALUP
25019,2026-03-21,MONEY FAIR
25020,2026-03-21,SON OF A GUN
25021,2026-03-21,SCARAMOUCHE
25022,2026-03-21,ART COLLECTOR
25023,2026-03-21,CELLINI
25024,2026-03-21,LIBAN
25025,2026-03-21,BIG BAY
25026,2026-03-21,DESTROYER
25027,2026-03-21,KOENIGSEGG
25028,2026-03-21,NEW YORKER
25029,2026-03-21,CRYSTAL CLEAR
25030,2026-03-21,DESERT CLASSIC
25031,2026-03-21,ASHWA ALMATY
25032,2026-03-21,ARBITRAGE
25033,2026-03-21,HOUSE OF LORDS
25034,2026-03-21,EKLA CHOLO
25035,2026-03-21,ETOILE
25036,2026-03-21,PURE
25037,2026-03-22,STORM CLOUD
25038,2026-03-22,VILLANELLE
25039,2026-03-22,ENSKY
25040,2026-03-22,AZURE
25041,2026-03-22,ENFORCER
25042,2026-03-22,CHELSEA
25043,2026-03-22,EXUMA
25044,2026-03-22,GOLDEN DANCER
25045,2026-03-22,ENDURANCE
25046,2026-03-22,KIMIKO
25047,2026-03-22,LORD AND MASTER
25048,2026-03-22,FLOYD
25049,2026-03-22,HAGIBIS
25050,2026-03-22,EKATARINA
25051,2026-03-22,GIANT GOLD
25052,2026-03-22,GOLD BAR
25053,2026-03-22,JURACAN
25054,2026-03-22,ASKARI
25055,2026-03-22,TAJIRI
25056,2026-03-22,MARKET KING
25057,2026-03-22,MOJITO
25058,2026-03-22,ULTIMO
25059,2026-03-22,SHUBANKAR
25060,2026-03-22,IRISH GOLD
25061,2026-03-22,MINISTRY OF TIME
25062,2026-03-22,ASHWA ANKARA
25063,2026-03-22,LIGHTNING BLAZE
25064,2026-03-22,SIMOLA
25065,2026-03-22,SASEKA
25066,2026-03-22,HIGHGROUND
25067,2026-03-22,WONDERLAND
25068,2026-03-22,SPEAK THE BREED
25069,2026-03-22,LEO THE LION
25070,2026-03-22,MADISON
25071,2026-03-22,MAGICAL MOMENTS
25072,2026-03-22,MOONLIGHT KISS
25073,2026-03-22,APPALACHIAN
25074,2026-03-22,MULAN
25075,2026-03-22,HEAVEN'S RHYTHM
25076,2026-03-22,ESTEBAN
25077,2026-03-22,DANCING CLOUD
25078,2026-03-22,MEDUSA
25079,2026-03-22,MAJESTIC WARRIOR
25080,2026-03-22,PRECIOSO
25081,2026-03-22,ELOQUENT
25082,2026-03-22,KAJO
25083,2026-03-22,MACHIAVELLIAN
25084,2026-03-22,ABSOLUTE GORGEOUS
25085,2026-03-29,ASHWA ALMATY
25086,2026-03-29,BETWEEN FRIENDS
25087,2026-03-29,UNTITLED
25088,2026-03-29,ARBITRAGE
25089,2026-03-29,JET TYPHOON
25090,2026-03-29,MOMENT OF MADNESS
25091,2026-03-29,SAMSON
25092,2026-03-29,RISE ALL STARS
25093,2026-03-29,EAGLE DAY
25094,2026-03-29,TYRANNUS
25095,2026-03-29,MANSA MUSA
25096,2026-03-29,EMPEROR RODERIC
25097,2026-03-29,WIND DANCER
25098,2026-03-29,SHIRSA
25099,2026-03-29,ASHWA BRAZIL
25100,2026-03-29,ROSARIO
25101,2026-03-29,LAND OF PLENTY
25102,2026-03-29,DON JULIO
25103,2026-03-29,SENECA
25104,2026-03-29,JAANDAAR
25105,2026-03-29,DAVID
25106,2026-03-29,THE OLIVE CROWN
25107,2026-03-29,STORM MAJESTY
25108,2026-03-29,MONTEREY
25109,2026-03-29,HAVOC
25110,2026-03-29,BLUE JET
25111,2026-03-29,RAINBOW CONNECTION
25112,2026-03-29,PURE SOUL
25113,2026-03-29,LATIOS
25114,2026-03-29,ROMANOS
25115,2026-03-29,WANGANUI
25116,2026-03-29,LEMPIKA
25117,2026-03-29,TAAQATH
25118,2026-03-29,YOUR SRI SHAKTHI
25119,2026-03-29,ASHWA GYPSY
25120,2026-03-29,JURACAN
25121,2026-03-29,BRAVO ZULU
25122,2026-03-29,DEDICATION
25123,2026-03-29,CHARISSE
25124,2026-03-29,TROPICAL PARADISE
25125,2026-03-29,INTERCEPTOR
25126,2026-03-29,CARADOC
25127,2026-03-29,CRYSTAL CLEAR
25128,2026-03-29,MERCHANT OF VENICE
25129,2026-03-29,RENAISSANCE
25130,2026-03-29,PHANTASMIQUE
25131,2026-03-29,ALLEZ L'ETOILE
25132,2026-03-29,STARBUSTER
25133,2026-03-29,ASTERION
25134,2026-03-29,AZAADI
25135,2026-03-29,RINELLA
25136,2026-03-29,BRAVION
25137,2026-03-29,DEAVLINE
25138,2026-03-29,SHADAI
25139,2026-03-29,SEIZE THE GREY
25140,2026-03-29,PINNACLE
25141,2026-03-29,TEMPO
25142,2026-03-29,WISE APPROACH
25143,2026-03-29,RED LIGHTNING
25144,2026-03-29,TRANQUILA
25145,2026-03-29,DREAM SELLER
25146,2026-03-29,SOCIAL BUTTERFLY
25147,2026-03-29,CREDENCE
25148,2026-03-29,IRISH GOLD
25149,2026-03-29,MARKET KING
25150,2026-03-29,ESPERANZA
25151,2026-03-29,FOUJITA
25152,2026-03-29,BAKLAVA
25153,2026-03-29,MAJESTIC WARRIOR
25154,2026-03-29,LUCIO
25155,2026-03-29,ABSOLUTE GORGEOUS
25156,2026-03-29,SPOTLIGHT
25157,2026-03-29,UNDERCOVER
25158,2026-03-29,BEZALEL
25159,2026-03-29,BOHEMIAN RHAPSODY
25160,2026-03-29,MULAN
25161,2026-03-29,RED MERLOT
25162,2026-03-29,AEON FLUX
25163,2026-03-29,BLUE'S PRIDE
25164,2026-03-29,LUNA
25165,2026-03-29,FAY
25166,2026-03-29,MAJESTICUS
25167,2026-03-29,JETFIRE
25168,2026-03-30,ABHYANKAR
25169,2026-03-30,REMY RED
25170,2026-03-30,MARLBORO MAN
25171,2026-03-30,MARATHA ADMIRAL
25172,2026-03-30,ROYAL CHAMP
25173,2026-03-30,MA CHERIE
25174,2026-03-30,JACKSON
25175,2026-03-30,SUSSING
25176,2026-03-30,LEO THE LION
25177,2026-03-30,MIGHTY HERO
25178,2026-03-30,YULETIDE
25179,2026-03-30,FLASH MOB
25180,2026-03-30,BALENO
25181,2026-03-30,CACCINI
25182,2026-03-30,WINGS OF FURY
25183,2026-03-30,NOSTALGIA
25184,2026-03-30,LOOKING LIKE A WOW
25185,2026-03-30,BLACK THUNDER
25186,2026-03-30,YOUREMANORBORNE
25187,2026-03-30,ABSOLUTE EMPEROR
25188,2026-03-30,UMEED
25189,2026-03-30,QUEEN CAROLINE
25190,2026-03-30,GO TONTO
25191,2026-03-30,DREAMS COME TRUE
25192,2026-03-30,SPORTING ALICE
25193,2026-03-30,LUCKY DIAMOND
25194,2026-03-30,G VALENTINO
25195,2026-03-30,TEMPEST
25196,2026-03-30,ABSOLUTE MAJESTY
25197,2026-03-30,INCREDIBLE LUCK
25198,2026-03-30,GOLDEN EYE
25199,2026-03-30,CASPIAN
25200,2026-03-30,SHAANDAAR
25201,2026-03-30,SOLANA
25202,2026-03-30,HERMANUS
25203,2026-03-30,AGE OF REASON
25204,2026-03-30,SPECTRA
25205,2026-03-30,CHAGALL
25206,2026-03-30,EARTH
25207,2026-03-30,BEE MAGICAL
25208,2026-03-30,YOUR UNFORGETTABLE
25209,2026-03-30,BIG RED
25210,2026-03-30,RAMBLER
25211,2026-03-30,ARDAKAN
25212,2026-03-30,ART COLLECTOR
25213,2026-03-30,ENSKY
25214,2026-03-30,ESTEBAN
25215,2026-03-30,RAFAEL
25216,2026-03-30,AMERICAN EAGLE
25217,2026-03-30,HOUSE OF LORDS
25218,2026-03-30,EKLA CHOLO
25219,2026-03-30,MOONLIGHT KISS
25220,2026-03-30,KEY WEST
25221,2026-03-30,STORM CLOUD
25222,2026-03-30,EASTERN MONARCH
25223,2026-03-30,CHELSEA
25224,2026-03-30,MATISSE
25225,2026-03-30,AKITANIA
25226,2026-03-30,JOHNNY MAC
25227,2026-03-30,NEUTRALIST
25228,2026-03-30,CINDERELLA'S DREAM
25229,2026-03-30,DENSETSU
25230,2026-03-30,CHARLIE BROWN
